Severity,Average_Distance
1,0.11450731824183107
3,0.42361065838883843
4,1.5666861627153066
2,0.5648572491952997
